Workbook

Sheet EQ_Security_Master
E1: EQUITY SECURITY MASTER
A3: Security Name | B3: Ticker | C3: ISIN | D3: Country | E3: Exchange | F3: Currency | G3: Sector | H3: Assset Class | I3: Lot Size | J3: Trading Status | K3: Listing Type | L3: Risk Category
A4: Reliance Industries | B4: RELIANCE | C4: INE002A01018 | D4: India | E4: =VLOOKUP(D4, RefData!$A$5:$C$6, 3, FALSE) -> NSE | F4: =VLOOKUP(D4, RefData!$A$5:$C$6, 2, FALSE) -> INR | G4: =VLOOKUP(A4, RefData!$E$5:$F$14, 2, FALSE) -> Energy / Conglomerate | H4: Equity | I4: 10 | J4: Active | K4: Primary | L4: =VLOOKUP(D4, RefData!$H$5:$I$6, 2, FALSE) -> Emerging Market
A5: HDFC Bank | B5: HDFCBANK | C5: INE001A01036 | D5: India | E5: =VLOOKUP(D5, RefData!$A$5:$C$6, 3, FALSE) -> NSE | F5: =VLOOKUP(D5, RefData!$A$5:$C$6, 2, FALSE) -> INR | G5: =VLOOKUP(A5, RefData!$E$5:$F$14, 2, FALSE) -> Banking | H5: Equity | I5: 5 | J5: Active | K5: Primary | L5: =VLOOKUP(D5, RefData!$H$5:$I$6, 2, FALSE) -> Emerging Market
A6: Infosys | B6: INFY | C6: INE009A01021 | D6: India | E6: =VLOOKUP(D6, RefData!$A$5:$C$6, 3, FALSE) -> NSE | F6: =VLOOKUP(D6, RefData!$A$5:$C$6, 2, FALSE) -> INR | G6: =VLOOKUP(A6, RefData!$E$5:$F$14, 2, FALSE) -> Information Technology | H6: Equity | I6: 2 | J6: Active | K6: Primary | L6: =VLOOKUP(D6, RefData!$H$5:$I$6, 2, FALSE) -> Emerging Market
A7: Tata Motors | B7: TATAMOTORS | C7: INE155A01022 | D7: India | E7: =VLOOKUP(D7, RefData!$A$5:$C$6, 3, FALSE) -> NSE | F7: =VLOOKUP(D7, RefData!$A$5:$C$6, 2, FALSE) -> INR | G7: =VLOOKUP(A7, RefData!$E$5:$F$14, 2, FALSE) -> Automotive | H7: Equity | I7: 5 | J7: Active | K7: Primary | L7: =VLOOKUP(D7, RefData!$H$5:$I$6, 2, FALSE) -> Emerging Market
A8: ICICI Bank | B8: ICICIBANK | C8: INE090A01021 | D8: India | E8: =VLOOKUP(D8, RefData!$A$5:$C$6, 3, FALSE) -> NSE | F8: =VLOOKUP(D8, RefData!$A$5:$C$6, 2, FALSE) -> INR | G8: =VLOOKUP(A8, RefData!$E$5:$F$14, 2, FALSE) -> Banking | H8: Equity | I8: 5 | J8: Active | K8: Primary | L8: =VLOOKUP(D8, RefData!$H$5:$I$6, 2, FALSE) -> Emerging Market
A9: Apple | B9: AAPL | C9: INE154A01025 | D9: US | E9: =VLOOKUP(D9, RefData!$A$5:$C$6, 3, FALSE) -> NYSE | F9: =VLOOKUP(D9, RefData!$A$5:$C$6, 2, FALSE) -> USD | G9: =VLOOKUP(A9, RefData!$E$5:$F$14, 2, FALSE) -> Technology/Consumer Electronics | H9: Equity | I9: 5 | J9: Active | K9: Primary | L9: =VLOOKUP(D9, RefData!$H$5:$I$6, 2, FALSE) -> Developed Market
A10: Microsoft | B10: MSFT | C10: INE075A01022 | D10: US | E10: =VLOOKUP(D10, RefData!$A$5:$C$6, 3, FALSE) -> NYSE | F10: =VLOOKUP(D10, RefData!$A$5:$C$6, 2, FALSE) -> USD | G10: =VLOOKUP(A10, RefData!$E$5:$F$14, 2, FALSE) -> Technology/Softwere | H10: Equity | I10: 2 | J10: Active | K10: Primary | L10: =VLOOKUP(D10, RefData!$H$5:$I$6, 2, FALSE) -> Developed Market
A11: Amazon | B11: AMZN | C11: INE397D01024 | D11: US | E11: =VLOOKUP(D11, RefData!$A$5:$C$6, 3, FALSE) -> NYSE | F11: =VLOOKUP(D11, RefData!$A$5:$C$6, 2, FALSE) -> USD | G11: =VLOOKUP(A11, RefData!$E$5:$F$14, 2, FALSE) -> E-commerce/Cloud | H11: Equity | I11: 10 | J11: Active | K11: Primary | L11: =VLOOKUP(D11, RefData!$H$5:$I$6, 2, FALSE) -> Developed Market
A12: JPMorgan Chase | B12: JPM | C12: INE423A01024 | D12: US | E12: =VLOOKUP(D12, RefData!$A$5:$C$6, 3, FALSE) -> NYSE | F12: =VLOOKUP(D12, RefData!$A$5:$C$6, 2, FALSE) -> USD | G12: =VLOOKUP(A12, RefData!$E$5:$F$14, 2, FALSE) -> Banking/Financial Services | H12: Equity | I12: 6 | J12: Active | K12: Primary | L12: =VLOOKUP(D12, RefData!$H$5:$I$6, 2, FALSE) -> Developed Market
A13: Coca-Cola | B13: KO | C13: INE062A01020 | D13: US | E13: =VLOOKUP(D13, RefData!$A$5:$C$6, 3, FALSE) -> NYSE | F13: =VLOOKUP(D13, RefData!$A$5:$C$6, 2, FALSE) -> USD | G13: =VLOOKUP(A13, RefData!$E$5:$F$14, 2, FALSE) -> Beverages/Consumer | H13: Equity | I13: 10 | J13: Active | K13: Primary | L13: =VLOOKUP(D13, RefData!$H$5:$I$6, 2, FALSE) -> Developed Market

Sheet RefData
F1: Refernce Data
A4: Country | B4: Currency | C4: Equity Exchange | E4: Security Name | F4: Sector | H4: Country | I4: Risk category
A5: India | B5: INR | C5: NSE | E5: Reliance Industries | F5: Energy / Conglomerate | H5: India | I5: Emerging Market
A6: US | B6: USD | C6: NYSE | E6: HDFC Bank | F6: Banking | H6: US | I6: Developed Market
E7: Infosys | F7: Information Technology
E8: Tata Motors | F8: Automotive
E9: ICICI Bank | F9: Banking
E10: Apple | F10: Technology/Consumer Electronics
E11: Microsoft | F11: Technology/Softwere
E12: Amazon | F12: E-commerce/Cloud
E13: JPMorgan Chase | F13: Banking/Financial Services
E14: Coca-Cola | F14: Beverages/Consumer

Sheet FI_Security_Master
D1: FIXED INCOME SECURITY MASTER
A3: Bond name | B3: ISIN | C3: Issuer | D3: Country | E3: Currency | F3: Coupon Rate | G3: Maturity Date | H3: Face Value | I3: Market Type | J3: Risk Category
A4: SBI 2028 Corporatre Bond | B4: IN000A028001 | C4: SBI | D4: India | E4: =VLOOKUP(D4,RefData!$A$5:$C$6,2,FALSE) -> INR | F4: 0.0765 | G4: 46949 | H4: 1000 | I4: OTC | J4: =VLOOKUP(D4, RefData!$H$5:$I$6, 2, FALSE) -> Emerging Market
A5: Reliance 2030 Corporate Bond | B5: IN000A030002 | C5: Reliance | D5: India | E5: =VLOOKUP(D5,RefData!$A$5:$C$6,2,FALSE) -> INR | F5: 0.072 | G5: 47504 | H5: 1000 | I5: OTC | J5: =VLOOKUP(D5, RefData!$H$5:$I$6, 2, FALSE) -> Emerging Market
A6: GOI 2027 Govt Bond | B6: IN000A027003 | C6: Government of India | D6: India | E6: =VLOOKUP(D6,RefData!$A$5:$C$6,2,FALSE) -> INR | F6: 0.068 | G6: 46730 | H6: 100 | I6: Primary | J6: =VLOOKUP(D6, RefData!$H$5:$I$6, 2, FALSE) -> Emerging Market
A7: US Treasury 2034 Govt Bond | B7: US000T034004 | C7: US | D7: US | E7: =VLOOKUP(D7,RefData!$A$5:$C$6,2,FALSE) -> USD | F7: 0.0425 | G7: 48990 | H7: 100 | I7: Primary | J7: =VLOOKUP(D7, RefData!$H$5:$I$6, 2, FALSE) -> Developed Market
A8: Apple 2029 corporate Bond | B8: US037A029005 | C8: Apple | D8: US | E8: =VLOOKUP(D8,RefData!$A$5:$C$6,2,FALSE) -> USD | F8: 0.0345 | G8: 47386 | H8: 1000 | I8: OTC | J8: =VLOOKUP(D8, RefData!$H$5:$I$6, 2, FALSE) -> Developed Market
